id,profile_type,score_m,score_r,score_s,srv_usage_count,audio_ratio,override_revenue
962f3d57-3a64-9915-9c25-afd7465fca7f,CACADOR,0.24,0.78,0.15,5,0.85,114473.02
667be46f-bd49-24a1-d3e0-a808cc240a0c,CACADOR,0.55,0.62,0.65,9,0.48,177868.59
c83eebd9-d5d9-8840-3352-6671692bafb9,FAZENDEIRO,0.60,0.60,0.58,11,0.41,178546.60
5bb3c6c6-0a1e-1d31-fe06-4ad634c35940,FAZENDEIRO,0.51,0.46,0.55,16,0.32,150636.59
df40b8b2-92cf-b710-d35a-030fb04ed275,CACADOR,0.27,0.82,0.20,4,0.65,126604.04
05b88560-10f9-5adf-c8b9-40ea4799c473,CACADOR,0.95,0.84,0.89,24,0.56,271028.63
f4b0f076-3b85-27a9-05b7-7ac20c379331,CACADOR,0.29,0.77,0.14,1,0.60,121128.61
a6e72a33-78d7-b345-7efa-ba4ff4eb7e4d,FAZENDEIRO,0.59,0.62,0.59,16,0.42,179641.83
817f13fc-91e9-1ee3-82c5-9a5b730e2f2d,FAZENDEIRO,0.59,0.67,0.69,10,0.33,189781.09
72e0325a-0816-80c2-7fce-7bfe912bb609,CACADOR,0.60,0.60,0.67,16,0.29,184659.04
6528f8c3-b5a9-79c0-2aed-612a753b81d8,FAZENDEIRO,0.69,0.56,0.65,17,0.35,192093.93
64707aac-c50b-53f8-ddfe-a6f7fef1bce7,CACADOR,0.63,0.68,0.62,12,0.51,192422.60
89ca449c-c95d-2262-8b97-c1d23aa279b6,CACADOR,0.40,0.90,0.22,0,0.63,153400.56
c71a83bf-4711-6fd5-b833-1d1ec865d775,CACADOR,0.51,0.54,0.52,9,0.54,157443.60
39ecb6e8-377a-d2b9-cacb-e8e551ed6eb1,CACADOR,0.86,0.85,0.90,21,0.79,259393.09
785c6c65-c56c-adcd-9a7b-6559063a10f5,CACADOR,0.30,0.84,0.16,2,0.78,129168.35
4a4c733f-112b-63f6-8fc9-bdd4a03e075b,CACADOR,0.55,0.59,0.46,8,0.27,163074.95
f76438a5-3c21-82b1-d9a4-2e736d6a2365,CACADOR,0.78,0.86,0.84,38,0.70,244460.84
83ff78f1-d2f6-9151-35c0-30159a268542,CACADOR,0.32,0.90,0.14,6,0.76,136483.12
4126b138-7ae4-7069-8840-c08bf14d6547,FAZENDEIRO,0.59,0.52,0.66,20,0.25,174878.22
a48499e6-3964-b27e-fd2d-721753f1d192,CACADOR,0.51,0.53,0.63,17,0.42,161962.76
f9219419-bea0-d190-b14f-7659bdadde98,FAZENDEIRO,0.84,0.89,0.89,21,0.81,260172.80
3ef1edd6-c46c-2cdf-208b-79561d5e81e5,CACADOR,0.76,0.87,0.83,34,0.71,241804.23
acf6e12c-466f-097b-44bf-a54723d81786,CACADOR,0.83,0.94,0.86,20,0.58,261473.55
ffbb6c90-b811-74bd-4293-d69eb5254add,CACADOR,0.63,0.68,0.55,17,0.34,188215.73
08439596-9f86-0b3b-a05a-065bf74635c6,CACADOR,0.60,0.52,0.68,14,0.28,177224.72
8fe99108-cf76-95f3-e8fe-a930889fac60,CACADOR,0.53,0.66,0.52,11,0.37,170052.18
5f6e1def-1f3d-8210-4b70-1e57551632e6,CACADOR,0.47,0.66,0.53,14,0.43,162178.85
5df6be15-96d1-b85a-876e-ee9894c57ffe,CACADOR,0.56,0.66,0.55,9,0.37,176325.04
84d02dd0-ebda-304e-a6d6-6b9ad2099961,CACADOR,0.46,0.60,0.57,12,0.30,157522.56
e8db83e3-72e7-23b1-6ff3-5fd42fe00160,FAZENDEIRO,0.60,0.63,0.65,19,0.34,186007.32
31e76e7b-3991-c92f-e171-03683319e72f,CACADOR,0.54,0.67,0.45,13,0.55,168262.96
6ffa2f2c-cae7-acd8-22ab-524d1e9ac500,CACADOR,0.20,0.85,0.14,7,0.71,114753.73
5f4eb839-a1aa-14b8-d3f1-3585f0b39e6c,CACADOR,0.79,0.81,0.77,26,0.68,237503.62
acd3e189-60f1-7473-fcec-919b6628ad49,CACADOR,0.87,0.88,0.76,29,0.77,254759.78
519d9243-0631-e0a0-d345-59c676e05256,FAZENDEIRO,0.37,0.80,0.15,2,0.64,137173.16
4c480fb3-5fed-a902-ba11-2d4f9157090b,CACADOR,0.70,0.65,0.60,12,0.40,198935.97
2e80fb63-b037-21b2-b2d6-e5e31d20a00e,CACADOR,0.60,0.47,0.55,20,0.27,164165.80
739d9876-0dd1-5024-620b-a71ef1df4d5a,FAZENDEIRO,0.50,0.66,0.68,14,0.37,174487.13
9e5f448d-c724-5ff8-0e00-29fd13075c11,CACADOR,0.32,0.82,0.19,5,0.62,133237.42
37a925aa-8eca-bb61-32ff-fefff58aa176,FAZENDEIRO,0.90,0.85,0.79,40,0.75,257973.04
a9d45bd1-b7dc-49c4-09fc-9ee53a7d5b8b,CACADOR,0.70,0.61,0.53,11,0.37,191694.49
185dcb86-23f4-d316-5729-db2b95a90c11,CACADOR,0.66,0.61,0.62,10,0.25,190931.17
46890840-cfd9-392e-9c25-8a62f339d255,CACADOR,0.54,0.49,0.67,13,0.51,166404.26
6ee32344-4c06-6e55-22b0-d9b2d5b8b030,CACADOR,0.48,0.68,0.48,10,0.30,161921.16
06eaa01a-e1ee-5d15-82dd-ff4c71bd2be0,CACADOR,0.64,0.63,0.59,8,0.54,188466.42
16bef254-760c-77e7-83a9-59c87e941bb9,CACADOR,0.81,0.76,0.87,22,0.73,241801.02
f7720cf4-c4a7-317d-42d2-768cb3b2ee39,CACADOR,0.57,0.61,0.60,17,0.40,176660.91
ff6f2509-8ad8-3813-5973-3d5f9daa1169,CACADOR,0.94,0.90,0.77,32,0.63,267569.23
f207afd8-0373-02e1-bb50-3778cc152a87,CACADOR,0.86,0.77,0.90,30,0.57,253282.89
090d22d2-df95-acfb-a8d4-4ed06cb0efcf,CACADOR,0.58,0.63,0.69,18,0.28,184402.87
f2a60076-7558-2be7-36ff-c9c5429f5f17,CACADOR,0.65,0.55,0.69,18,0.49,187883.06
37212346-b6c8-8604-dde0-7051d282c4d5,CACADOR,0.52,0.47,0.52,11,0.29,151480.11
54069203-cf58-0565-fccd-be1f10841dd4,FAZENDEIRO,0.64,0.46,0.60,16,0.41,173708.76
3d40be31-332f-abe5-bb77-c066aa4be303,CACADOR,0.34,0.81,0.13,7,0.88,131306.95
c5095a3c-7bb5-a83a-7fca-c70a4f295f7d,FAZENDEIRO,0.55,0.65,0.58,20,0.43,175298.91
75c55301-e866-8dea-6502-95c9ee5900e0,CACADOR,0.61,0.69,0.47,20,0.39,182283.44
d54da406-5c46-e7e1-ffbd-a1da05ed7fad,CACADOR,0.87,0.77,0.90,20,0.80,253186.37
8ff379fd-4dd3-464b-e176-cd02e96f03aa,CACADOR,0.47,0.62,0.66,20,0.32,166156.05
3ba12dfe-b9a7-c643-ffcb-02a6a4228b1e,CACADOR,0.66,0.56,0.65,14,0.39,189157.11
b7718c0e-7040-1faf-871b-3e4b75daafc0,FAZENDEIRO,0.58,0.58,0.47,20,0.34,168294.02
0b843843-c475-fa0a-5dbd-9260bd528834,CACADOR,0.94,0.86,0.76,38,0.80,263523.15
f39e0228-adec-72d1-5ae2-b6ddecafa545,FAZENDEIRO,0.70,0.67,0.69,10,0.30,205920.65
1a923f6e-0496-744f-82a0-c0be2313b43f,CACADOR,0.81,0.95,0.81,37,0.74,255717.00
8a68bfd3-38f5-c760-c948-a86d328cdd7c,CACADOR,0.62,0.52,0.60,20,0.38,175699.57
31d66106-a673-4f8e-14eb-2aab683fa642,FAZENDEIRO,0.47,0.63,0.50,17,0.27,157562.42
51fbd2e2-0f58-9777-3e97-fddeaaf4b927,CACADOR,0.69,0.70,0.46,14,0.27,193613.76
4d59895b-3e13-d388-4f9a-0d9655a84bb2,CACADOR,0.77,0.92,0.78,34,0.73,245662.27
dbf2dd30-9d68-e131-4017-3b118d18abd6,CACADOR,0.46,0.46,0.67,11,0.47,150484.63
b69ad6cd-615a-b3dc-03f7-a3da27ba7de0,CACADOR,0.21,0.84,0.23,6,0.87,120523.62
90496db2-58b0-05ad-d595-22b7a928fb9a,CACADOR,0.37,0.73,0.29,7,0.48,138257.19
026ea306-d74a-8549-f6bc-894f898270d9,CACADOR,0.51,0.68,0.49,15,0.32,168320.26
b2e4a3dc-ac1d-360d-6a3e-b3f855136868,CACADOR,0.79,0.82,0.81,36,0.82,241066.14
83139b64-ec10-9365-8779-dc91697d3cc6,CACADOR,0.40,0.86,0.19,0,0.57,148563.55
a78c25b5-7cc3-613d-14c7-bf7dded1d5e4,CACADOR,0.56,0.66,0.60,12,0.40,180250.39
1336d214-c38e-6df2-19ab-9f8daed1f4b6,FAZENDEIRO,0.88,0.83,0.81,23,0.62,254740.37
91470a6e-3c01-fa91-3f33-429202ff0a27,CACADOR,0.82,0.77,0.84,36,0.62,243071.70
eb54a92d-49a3-b183-9f90-b44a5a8966de,CACADOR,0.35,0.71,0.13,6,0.50,124242.63
52b19256-184d-63d7-b106-d607e16f66ff,CACADOR,0.79,0.89,0.87,29,0.66,249912.90
53d0e884-8a1f-b45a-cfbd-a66ddf63e292,CACADOR,0.89,0.90,0.76,30,0.81,259817.55
1ce1bb47-3344-1413-3b52-031513d634c9,FAZENDEIRO,0.55,0.52,0.59,17,0.39,164751.81
a8b5ffe0-1da2-725a-c2f6-b24accbe833a,CACADOR,0.16,0.80,0.22,3,0.60,109048.49
b4b97f87-4cff-feb3-913a-77a2cc2c3c7b,CACADOR,0.66,0.61,0.70,12,0.51,196228.84
a0639f4c-e5da-ee05-bef8-8f5c7b841387,CACADOR,0.77,0.93,0.86,32,0.88,251048.11
6e439a56-07c8-9619-150c-eea653d1a8d1,CACADOR,0.39,0.84,0.24,2,0.85,148203.49
5e569af5-3513-a43f-0c57-6a0d7b1e8a40,CACADOR,0.90,0.81,0.78,20,0.83,254393.85
c645efc4-c716-38e7-2c47-23b9354d3125,CACADOR,0.38,0.77,0.26,3,0.82,140729.85
895fc9a0-b5b4-2616-345d-a6eaf785a13c,FAZENDEIRO,0.48,0.58,0.63,12,0.30,161951.56
15716d73-7601-d871-3d77-d6a5f607f754,CACADOR,0.81,0.83,0.89,32,0.89,250039.53
54aa96b9-e785-44b5-2005-6a4c84abaeb7,CACADOR,0.59,0.63,0.51,15,0.31,174830.38
0e86d6a0-d721-a13c-d4b9-5d675018b7b0,FAZENDEIRO,0.65,0.50,0.56,15,0.49,176569.88
4db0514f-2d6b-2197-52bf-698f562a67cf,CACADOR,0.90,0.87,0.80,38,0.80,260518.97
fc46e26a-cf3b-1961-ad52-f6600765664b,CACADOR,0.64,0.54,0.60,15,0.32,179879.88
c5dc691c-c3e9-9872-a53e-49b2b638422e,CACADOR,0.28,0.87,0.21,4,0.81,132978.80
8f90eaaa-9e5b-aab5-9b8c-ba7e316a1ec3,CACADOR,0.60,0.49,0.51,13,0.44,163967.78
f411edfc-e8d2-3f8c-b16d-34e0d9e69ea5,CACADOR,0.86,0.95,0.76,26,0.66,260349.92
61520272-cbf2-53e5-45a4-8e934b195766,CACADOR,0.46,0.46,0.59,18,0.55,146043.54
2043160a-445a-8f15-4e97-3a2c6f909801,CACADOR,0.63,0.67,0.51,16,0.26,184713.05
9b9eb5f9-8c90-755a-2c7a-dd5fffb54894,CACADOR,0.58,0.52,0.67,15,0.38,173691.89
dd5048fe-1068-d0b6-f0c9-5f7a90634a5a,CACADOR,0.94,0.91,0.77,27,0.70,269440.74
63a62771-21e5-3c5c-bdff-7a02720a822b,CACADOR,0.63,0.49,0.61,19,0.43,174454.52
1ed5e2db-f7a5-c468-758a-76a477e27e51,FAZENDEIRO,0.61,0.69,0.46,19,0.32,181485.04
8f890495-670a-5e16-dad2-986fec2d97fc,CACADOR,0.64,0.58,0.68,15,0.45,188690.80
c9b7023a-fd65-9581-abc9-c7384073cbc7,CACADOR,0.32,0.86,0.25,4,0.74,140889.92
09529e2a-ac53-f2d5-559f-f7e7ebd8f7bf,CACADOR,0.31,0.83,0.28,4,0.63,137780.14
940e4452-61b2-46c1-712e-38d502f1e6ce,CACADOR,0.53,0.52,0.61,20,0.46,162877.15
10df3fc7-e523-eac2-ce87-c55f21e6112f,CACADOR,0.90,0.93,0.89,38,0.77,271894.59
d852eee8-ae13-8f5d-ab98-7e6291000635,CACADOR,0.67,0.55,0.62,11,0.35,187762.42
ccb93c4d-6c65-e1a9-0f3f-f33135d928f4,CACADOR,0.90,0.92,0.81,28,0.66,266454.96
fd68f404-a3a6-4af0-ad6e-3866dbee061d,CACADOR,0.15,0.77,0.17,7,0.81,101647.49
5a0cc520-3d87-7287-087e-534b766cd2bb,FAZENDEIRO,0.49,0.47,0.57,18,0.49,149348.92
52c98c83-f642-2a16-1b67-6e293ec10940,CACADOR,0.47,0.52,0.48,16,0.34,145279.43
b6d16b0d-5de1-7db6-ec6b-dab665bc7905,CACADOR,0.54,0.53,0.46,11,0.39,156114.36
c8207d72-2687-2ba7-6b85-f8190e2fd70a,CACADOR,0.92,0.91,0.76,39,0.83,266167.54
b5c2a996-154e-b23d-b87a-df524217a169,FAZENDEIRO,0.52,0.48,0.58,11,0.48,155464.18
14a4634a-e003-a64a-7c5c-d30403f9a3e4,CACADOR,0.65,0.53,0.57,10,0.32,179303.81
9c6d02c4-9c0e-0a55-0f2d-2e64f8a914e3,CACADOR,0.94,0.94,0.90,25,0.74,280456.88
8a9a106a-3531-4f75-4654-668f6d6d3df5,CACADOR,0.89,0.83,0.93,22,0.74,263214.17
351a2be8-3b75-683c-9cd4-9926f93c7d96,CACADOR,0.31,0.76,0.11,7,0.89,121036.97
c2c396f4-91a6-1ae4-229f-ce06da43afa9,CACADOR,0.56,0.65,0.47,20,0.38,171004.67
7e4168a5-85c7-f078-2a75-b83a07661cd0,CACADOR,0.50,0.52,0.55,9,0.39,154876.02
9a50801f-c948-476f-733a-c13ff31cb270,CACADOR,0.46,0.59,0.51,8,0.55,152167.75
e2f3cc9a-45d0-e831-acbe-3eeb4ef1f64e,CACADOR,0.64,0.65,0.67,13,0.34,193978.60
65b44052-b2e5-0b5c-401b-fa907be0c734,CACADOR,0.55,0.59,0.64,17,0.48,174464.84
43ec87ff-c9ce-b591-3927-0255c4059133,CACADOR,0.57,0.68,0.69,12,0.30,188179.26
ce52fb75-5c91-9b91-059d-98fb51b55f30,CACADOR,0.39,0.71,0.21,2,0.35,135319.49
01c1a3f6-596c-0233-1583-d82ec0bd92c2,CACADOR,0.69,0.52,0.58,18,0.26,185302.95
26e3ed57-8a94-71c3-e9d8-bd4b2b71bd18,CACADOR,0.32,0.81,0.23,6,0.73,134912.39
d93ca6a4-15e2-5938-5a21-cb57142aecd2,CACADOR,0.78,0.78,0.92,22,0.83,241732.15
28a4ba3c-7462-2d0f-8415-1b7b0b5b218c,CACADOR,0.36,0.79,0.23,5,0.75,138294.64
f33a6f2d-1cba-4c94-79aa-bc922d8c6c71,CACADOR,0.67,0.46,0.54,10,0.54,174617.87
569e7a5d-22e6-4b2b-babf-8251bab1a0ee,CACADOR,0.22,0.77,0.10,7,0.73,107785.03
6f521f27-48d9-3cdb-da9c-c3df0a409b78,CACADOR,0.69,0.45,0.69,17,0.25,185914.60
f2f58c8f-6656-ca98-66d8-dd84197567dc,FAZENDEIRO,0.57,0.52,0.47,12,0.44,160582.19
81f2c4a6-d9da-7b27-9e69-adb9c1d46433,CACADOR,0.66,0.68,0.70,10,0.44,202248.99
51a29c8d-df6d-46c9-e642-0dbf3d948177,CACADOR,0.53,0.47,0.66,15,0.36,161983.25
0fccde7f-45f6-b467-c134-55452fb75132,CACADOR,0.58,0.55,0.68,17,0.39,177769.72
0d978f16-108f-2da2-5c79-394f22102626,CACADOR,0.94,0.93,0.82,37,0.82,273138.10
e24ded6a-4390-b024-bc09-e269bd03ef23,FAZENDEIRO,0.54,0.58,0.63,11,0.41,170736.42
a5dc6453-53e2-1f38-9899-c8c000f74b04,FAZENDEIRO,0.48,0.50,0.48,9,0.34,146103.42
8bcc6a9d-6bf1-043e-7981-96fbe69ad6be,CACADOR,0.29,0.77,0.16,0,0.80,122044.81
0e98892a-1816-8ae8-c780-15e5fe7f3d6c,CACADOR,0.69,0.47,0.49,14,0.44,175498.20
115836e3-0c96-abf2-6427-1192c596d547,CACADOR,0.49,0.57,0.56,15,0.54,158912.41
62aa9e4e-79f2-125f-1ccd-c5efbff18133,CACADOR,0.59,0.47,0.51,11,0.28,162277.25
0a639d0c-c449-5428-09ae-684bb4e38355,CACADOR,0.60,0.68,0.51,15,0.34,181628.13
b6f63b69-8e9b-7572-1691-7abf1d5b096b,CACADOR,0.82,0.79,0.89,33,0.73,246284.33
5a4c789c-62cc-2e49-66cb-7dd15f584189,CACADOR,0.77,0.94,0.90,25,0.83,255038.61
be00f648-ed74-fa8b-9736-4c1223b0a5cb,CACADOR,0.50,0.48,0.68,20,0.40,158297.34
f68f2486-eb68-67be-1675-3d1f219f68ad,FAZENDEIRO,0.67,0.63,0.65,10,0.43,195876.28
a49f4a7b-5965-52ca-e64c-d6fd73ee6491,CACADOR,0.36,0.72,0.13,2,0.54,126762.69
9ead2224-f565-ef12-499d-88bb42efd674,FAZENDEIRO,0.46,0.69,0.67,8,0.47,170817.46
303cd1b1-b0e3-901d-2089-48730cef397a,CACADOR,0.87,0.77,0.89,35,0.69,253661.87
ef1425d4-ecf7-ce43-63af-43d012148f80,FAZENDEIRO,0.91,0.82,0.85,40,0.73,261696.64
fedcc492-c8a0-897e-842b-f92229f74566,FAZENDEIRO,0.79,0.90,0.78,36,0.82,246035.78
33a3fa82-489d-13a7-f5fd-53d5295bf78a,CACADOR,0.57,0.50,0.51,17,0.32,160348.08
b000f3ac-3093-7a43-c8a7-19adf0807a0b,FAZENDEIRO,0.66,0.48,0.46,20,0.38,170494.34
43735c81-5e47-b9f5-1129-1693688e31f1,FAZENDEIRO,0.51,0.45,0.54,17,0.40,149620.18
6f8b38ed-a52f-fc7f-81f6-4881551e4634,CACADOR,0.49,0.47,0.64,15,0.30,154130.25
3e0cdedc-4142-185f-2c3d-30a91f804ab7,CACADOR,0.47,0.56,0.50,15,0.46,150846.60
4b2248f4-effa-1e4d-8a67-538fbf8570c9,CACADOR,0.57,0.50,0.65,17,0.38,170231.30
dac40d12-3f1e-0aa4-05d3-d3890015e5ef,FAZENDEIRO,0.47,0.68,0.55,15,0.40,165463.85
27e7bb1b-9b5d-5071-9dfc-820e835104c8,CACADOR,0.36,0.84,0.12,6,0.86,137103.88
db0a869c-c2ff-f513-f77d-ed1a5e86e7d7,CACADOR,0.27,0.71,0.24,2,0.30,119487.58
6c3d77c5-44c6-06a2-ffa8-055c01705c5a,CACADOR,0.91,0.75,0.91,30,0.68,258315.71
2860bb5f-d284-55d4-8841-a73a352a59d8,FAZENDEIRO,0.17,0.90,0.22,4,0.79,120139.68
22696bcd-e4f7-8bdf-2c8b-c79a6fd0e878,FAZENDEIRO,0.46,0.70,0.62,8,0.47,168728.65
85cc7b9c-18fe-5e6b-57b3-ecd00244e1dc,CACADOR,0.88,0.81,0.82,32,0.67,254187.34
09fd2043-089e-9f03-0a28-9237a737b909,CACADOR,0.23,0.82,0.27,1,0.78,123981.82
b68efd69-c92c-de12-632f-2bca1b8969f3,CACADOR,0.84,0.95,0.94,34,0.79,267652.20
92f33a44-58fb-2c93-bd2a-3e829b067fe0,FAZENDEIRO,0.76,0.90,0.94,29,0.87,250032.94
1cdeb632-737a-5202-edd3-b883d53ab9f7,CACADOR,0.57,0.55,0.53,12,0.35,166639.22
a172a568-2534-7c7a-cfbb-347d6d212b0e,CACADOR,0.48,0.53,0.65,19,0.39,157862.14
db439153-c59d-c60f-8b6c-9723717f02a5,CACADOR,0.66,0.46,0.46,8,0.32,168488.78
dc72eb8d-f7d3-5a44-4f85-45cec62ab717,CACADOR,0.49,0.63,0.48,19,0.51,159619.58
efc3ab4b-dfc5-37f9-d2ac-f3b04f2690f8,FAZENDEIRO,0.49,0.49,0.61,18,0.53,154452.54
25d20335-b427-a4ed-657c-e6e1298e7d30,CACADOR,0.18,0.70,0.29,7,0.45,106956.55
eb846ca8-9ff3-dcbb-85a4-b2cd9f45c6f4,CACADOR,0.53,0.47,0.51,10,0.32,151617.37
adfd5402-014a-4aae-acc4-0ecba6bd46ec,CACADOR,0.51,0.45,0.45,11,0.32,145049.12
bd5e6ac2-071c-2a21-16e9-937502357064,CACADOR,0.70,0.66,0.69,17,0.49,205167.52
0947bbab-395b-42e5-ccde-ace5a0f80da0,CACADOR,0.25,0.89,0.29,3,0.73,134360.28
36f38917-6ab8-59cc-d7c9-505a6dd410b4,CACADOR,0.53,0.60,0.45,15,0.48,160295.68
19234882-5869-4307-e613-aa477593f401,CACADOR,0.53,0.64,0.57,13,0.32,170788.46
78d10435-20c9-3fa1-8c97-1444d4b97c00,FAZENDEIRO,0.47,0.54,0.67,10,0.29,159683.88
15f2989c-d827-9423-3963-2d521f4bedca,FAZENDEIRO,0.35,0.86,0.28,6,0.89,146153.03
5eace996-257c-3476-a0f9-aa7415384019,CACADOR,0.49,0.63,0.67,16,0.51,170363.89
a0d5ed61-2bb5-d0e2-bb3f-3384e48b72b2,CACADOR,0.53,0.50,0.67,8,0.41,165823.88
13573d7a-aa0f-a0dc-d96a-629949930cfd,FAZENDEIRO,0.19,0.72,0.20,3,0.36,104789.30
f6b82c0a-c076-c8ec-a354-236252317b45,CACADOR,0.89,0.76,0.88,28,0.88,255011.77
f908ba5d-766a-3a12-de80-90d0f92799c2,CACADOR,0.58,0.58,0.60,8,0.30,174940.77
87ca0a32-08ca-200d-51f4-a6932f12b9e5,CACADOR,0.60,0.69,0.64,15,0.26,190820.02
e2fa9faa-d388-114b-68f6-fddf24663a65,FAZENDEIRO,0.86,0.76,0.78,30,0.67,244873.32
71d157bc-54aa-7374-1781-f5d6e0655e75,CACADOR,0.60,0.63,0.53,17,0.38,179185.42
750144f8-8bdd-2ab8-aad2-368ef46a03eb,CACADOR,0.77,0.92,0.84,38,0.57,248846.14
9d309e5a-b98b-a54a-b6c3-53135f428f48,CACADOR,0.95,0.93,0.84,37,0.71,276265.28
c197f50a-dd58-af96-5a39-b170ad159091,CACADOR,0.33,0.73,0.20,6,0.39,127295.90
7c1cc2eb-3dad-8e8b-ae91-1a626c535e9d,CACADOR,0.61,0.47,0.66,14,0.33,173903.56
fe0cce01-ffcf-344d-b5bb-125ba12089f8,CACADOR,0.55,0.56,0.53,20,0.54,164325.41
6d00a63c-abb7-3abf-9034-0e59fc7527df,CACADOR,0.77,0.94,0.75,21,0.81,245014.67
bc675cb5-fb3a-1a5d-cc69-d1e3cd022fed,CACADOR,0.69,0.63,0.69,20,0.50,201765.90
83eb4816-c902-583e-0b37-7321ebc35b18,CACADOR,0.88,0.76,0.90,39,0.61,254585.70
9709b850-ffb5-3be8-4347-91fd99636a1e,CACADOR,0.33,0.80,0.28,1,0.66,138461.96
edd29710-28c7-c942-11b2-af119f7c14ff,CACADOR,0.83,0.87,0.81,20,0.79,250898.63
0ab29c3e-e53e-ef5b-3a55-332c7fc13c1e,CACADOR,0.28,0.88,0.26,3,0.56,136684.51
f777bdf9-e610-3396-4856-2ab28f8172bd,CACADOR,0.31,0.81,0.19,7,0.89,131107.00
9287d070-b2f7-09db-c641-2a3a330d6408,CACADOR,0.46,0.67,0.54,9,0.39,161904.08
b41b4e1c-71e0-b473-5272-79cd98b9c19b,CACADOR,0.70,0.51,0.57,8,0.50,184682.95
ef600dad-b62d-e5ed-dee4-06f903f465fd,CACADOR,0.59,0.53,0.67,12,0.41,177617.58
71c6771b-78e8-66d0-93ed-8461e0261966,CACADOR,0.67,0.59,0.49,16,0.42,183441.68
6d6ca2ad-2fd9-3544-be66-24dd29e2fb8d,CACADOR,0.58,0.62,0.70,13,0.32,184199.49
ec4e4ef4-3481-f822-1f25-8423ea569e16,CACADOR,0.77,0.93,0.85,39,0.62,249556.98
3e21a53e-97ee-ca61-7125-c708d600116f,CACADOR,0.47,0.60,0.66,20,0.29,164950.27
f379ce1f-0653-91ad-bd26-0c7d4c34dec5,CACADOR,0.66,0.48,0.65,16,0.35,181283.81
afbcb22a-f70d-945c-9d66-35ec2861aa58,FAZENDEIRO,0.49,0.47,0.52,10,0.28,147476.20
74f447e8-2e1d-7350-aa29-1d9dc52dd074,CACADOR,0.50,0.70,0.57,20,0.29,171235.12
1dd50539-894c-af5b-59a1-116f47f5967f,CACADOR,0.47,0.54,0.65,12,0.39,158920.41
fe5a7d16-62f8-4166-d75a-6457b1134428,FAZENDEIRO,0.54,0.67,0.69,19,0.37,183407.92
8cb44299-0589-7a49-775e-eabe840b74cc,FAZENDEIRO,0.77,0.90,0.86,37,0.80,247340.78
61954bf4-fabd-072e-e361-26e0eee360a6,CACADOR,0.39,0.80,0.29,1,0.79,148011.43
74571488-7fa7-17f7-6671-08c24df84ce9,FAZENDEIRO,0.64,0.64,0.58,12,0.37,188711.15
cc16757d-b206-d6b3-1b94-55ee7bba479b,CACADOR,0.56,0.55,0.65,11,0.26,172218.34
ef5acf76-7db8-0464-e5b2-fd3b6d3f9793,CACADOR,0.77,0.84,0.86,36,0.59,242161.37
abbec5b5-8200-05c8-2d22-a096d3da0b4c,CACADOR,0.33,0.86,0.20,4,0.82,139434.03
43ec3012-bbc0-2a3d-451e-0bc100cff5a4,CACADOR,0.94,0.78,0.93,25,0.64,267130.44
5caa690f-b393-0a83-ec08-3ead3f8f2650,FAZENDEIRO,0.26,0.81,0.19,3,0.60,122742.07
a9799a43-0dbf-ce62-e3d5-6bc61812bc1c,FAZENDEIRO,0.33,0.71,0.15,2,0.36,122130.70
e2613c3e-8e11-91ee-2cbf-b0735c69c4c2,CACADOR,0.24,0.87,0.19,7,0.56,125257.60
b5cb7d4d-1f3f-8a8c-4533-bc6ea20fafd4,CACADOR,0.94,0.77,0.89,37,0.66,263759.92
efea45d7-970d-5152-69ad-d7b4ec56630e,CACADOR,0.61,0.50,0.64,17,0.55,174687.48
3b6c2db0-1559-5998-957e-0f71ec295103,FAZENDEIRO,0.50,0.69,0.56,13,0.47,169941.40
6ddff02c-de90-bf0e-7687-e36e7b02859d,CACADOR,0.61,0.66,0.52,9,0.54,181322.65
cf1bc780-12d9-a23c-db5b-67e5a05d34ec,CACADOR,0.93,0.94,0.81,23,0.67,273017.90
52169d8e-9572-348f-5071-af27fd318859,CACADOR,0.76,0.78,0.81,29,0.81,232584.60
8e6b976e-af64-ddfb-5818-d452e49141dc,CACADOR,0.37,0.77,0.21,3,0.83,137487.82
ac5cb810-5e18-deb6-8b11-136753bc8919,CACADOR,0.66,0.56,0.47,20,0.43,178484.97
407b255b-f4c7-dc4e-1f66-b55418d6bc8f,CACADOR,0.80,0.91,0.90,30,0.88,255187.29
c1585b30-a322-a8a2-0ee2-dea687d83a62,CACADOR,0.64,0.61,0.66,14,0.47,189402.48
a948f72f-37ee-cf64-8d87-d4b970788df1,CACADOR,0.85,0.87,0.82,20,0.60,255305.42
31d88ffb-c826-915e-3b84-fbb7b6cdbf5a,CACADOR,0.75,0.91,0.85,30,0.65,245409.82
658c5949-b8ff-c31a-c596-46b0da0f64e3,CACADOR,0.27,0.88,0.16,7,0.59,129150.37
5d35e1bc-22d3-ee7f-731d-c028699ba635,CACADOR,0.92,0.83,0.94,33,0.86,268992.19
638f3607-d37c-a181-5151-4481f2137c0f,CACADOR,0.19,0.85,0.16,3,0.80,115194.99
23dfed53-e1d4-0b30-8ac4-6a7c9285de98,CACADOR,0.48,0.50,0.66,10,0.43,156549.44
7a4a7965-1afd-d226-3806-1050158c6968,CACADOR,0.25,0.77,0.25,5,0.63,121958.54
169013a2-cf10-73e8-8988-94ea8f2d0621,CACADOR,0.81,0.95,0.86,27,0.83,258400.31
0fd89ce0-5985-6f65-3ae7-9a6361f84d03,CACADOR,0.17,0.89,0.22,5,0.59,118055.66
befd633d-9349-1955-ed7d-fb8b90c6c09f,CACADOR,0.82,0.85,0.91,27,0.58,253179.54
b6082663-3464-714b-5cbe-9828c9ed59e3,CACADOR,0.54,0.62,0.50,16,0.42,166023.37
9d07eb77-c133-6760-98bd-d258d4afa620,CACADOR,0.64,0.52,0.67,11,0.26,182870.85
005bc1a9-a660-32f7-cf1b-aabe43c7e34a,CACADOR,0.91,0.94,0.81,38,0.86,269225.96
092ed010-d0b5-6c74-8934-d3110892a67e,CACADOR,0.48,0.48,0.60,17,0.49,151648.04
bf5d671a-5aa3-5367-68ae-0c00dc53b663,CACADOR,0.67,0.66,0.60,18,0.49,195482.60
df57c314-fa00-1ca5-c69b-57ac98572a4f,CACADOR,0.51,0.49,0.61,12,0.36,157035.34
a5847d9e-b02d-3733-9763-d951929d0e95,CACADOR,0.60,0.56,0.57,9,0.33,175016.60
50f82f69-a64f-82a2-6526-3b8fd9b79d97,CACADOR,0.89,0.78,0.77,23,0.71,250959.28
abec8069-96dc-b792-e22a-abae432cf2ad,FAZENDEIRO,0.46,0.48,0.52,11,0.26,143087.49
aa0a25f2-e255-430a-b7a0-0434f31079de,CACADOR,0.48,0.61,0.63,18,0.25,164397.25
5eec317b-38d7-5eb2-e4c2-eed3e580f824,CACADOR,0.79,0.93,0.76,31,0.63,247807.83
0fc5ff11-7c71-e6cc-8e33-06e8e361b6a7,CACADOR,0.85,0.76,0.82,37,0.66,245761.06
8deaf406-35b1-03c3-9bf9-cae7f6b538ee,CACADOR,0.61,0.61,0.57,19,0.37,179661.30
b7a1763f-0e7c-3a86-adde-81d0c1281229,CACADOR,0.54,0.57,0.50,16,0.30,161708.78
05cd2738-07e4-0456-d760-0d8218bd401d,CACADOR,0.69,0.45,0.56,11,0.48,178039.43
4229e1a8-912e-4f8c-5087-64b180d89105,CACADOR,0.34,0.81,0.16,6,0.79,133157.15
53d06fc9-e2c4-4ea0-ebc5-c7e7be30c9fe,CACADOR,0.60,0.56,0.66,12,0.31,180869.96
c9b5b0a0-8937-7b09-75e7-838e0c554471,CACADOR,0.33,0.77,0.28,7,0.81,136210.53
897bfb3c-499a-2637-124f-335d66f86fd8,CACADOR,0.61,0.65,0.52,18,0.50,182122.20
53e91f7d-4009-4fc1-f49d-c44981c86fa3,CACADOR,0.25,0.83,0.18,7,0.78,122701.99
459cc7d9-0625-460a-0020-b2f0841e834b,CACADOR,0.61,0.56,0.47,16,0.26,170188.78
9d203e30-9a8a-59e2-5fab-4af9e76710df,FAZENDEIRO,0.50,0.56,0.65,18,0.40,164187.27
3da91b3f-0723-ea20-614c-a1e404155e5f,CACADOR,0.69,0.64,0.59,9,0.46,196101.94
fe4c9445-997f-1755-b8ea-b02045049745,FAZENDEIRO,0.49,0.64,0.48,17,0.45,160712.90
598ec9ae-fa26-a0b4-3763-c64cc004e2cc,CACADOR,0.39,0.81,0.16,7,0.73,142116.62
744d8ae6-aaf5-9080-18b2-904a3662f6fb,CACADOR,0.78,0.89,0.88,28,0.68,250097.45
5db72c43-a219-2369-c42b-68b7ddc5e14f,CACADOR,0.48,0.49,0.55,9,0.26,149591.26
ccfbf81e-64d6-b266-2d3c-f673d1b4a0e2,CACADOR,0.19,0.78,0.14,2,0.90,107712.87
047ea114-1808-07a9-9367-2aa576ab5621,CACADOR,0.52,0.59,0.48,13,0.48,159924.45
1d89b4a3-e767-960c-280d-c7caedb3b51a,CACADOR,0.68,0.52,0.48,9,0.45,176964.61
75c8cb11-71da-f38f-603a-5533b063ba56,CACADOR,0.61,0.57,0.61,10,0.46,180099.06
101cd2f3-a46a-39c3-6d25-ce8f2d0ce359,CACADOR,0.77,0.78,0.78,22,0.86,231695.24
9833978a-514a-4fde-0aeb-c337035fb6aa,CACADOR,0.57,0.65,0.55,13,0.36,176861.10
6a14a1ec-d764-1929-28a2-4038066222e7,CACADOR,0.65,0.53,0.55,9,0.41,178182.61
809dc683-d4c9-a43d-89da-4b5a538b0f4d,CACADOR,0.65,0.59,0.65,17,0.37,189171.85
81d268af-a271-1e86-a08e-4ec354589395,CACADOR,0.83,0.84,0.93,22,0.76,256478.63
e745f0c9-ac3f-134f-f2ef-98ac3d202667,CACADOR,0.93,0.87,0.85,35,0.80,268408.65
fd2b01ee-5c16-ab64-07ec-0aff4452d282,CACADOR,0.61,0.58,0.50,13,0.54,172856.16
24b1bd95-acc0-9f34-4c3e-172aa2934ebf,FAZENDEIRO,0.46,0.50,0.47,13,0.41,142914.03
8ba2f536-671d-8331-7be6-18e9f731b43f,CACADOR,0.57,0.49,0.62,8,0.55,166553.37
47f0e224-2afd-8e23-d520-60a79518764f,CACADOR,0.86,0.92,0.75,32,0.86,257706.53
85af402d-da84-dd5e-3bc9-3c46fc0d658b,CACADOR,0.17,0.84,0.29,6,0.65,118410.93
15bdf98f-b42b-8c8a-79bb-eeeaf42e1f4c,CACADOR,0.30,0.74,0.11,4,0.25,119438.27
6620193c-c263-766b-95c9-7840ecbb61a9,FAZENDEIRO,0.67,0.52,0.62,16,0.47,184745.46
7fd1fd63-da97-4393-084d-304ca222ae9d,CACADOR,0.80,0.78,0.94,23,0.72,247146.26
7226642c-86b8-3f1f-ce73-88b7b61d7b59,CACADOR,0.60,0.57,0.54,10,0.53,172919.55
a95f0c18-96b1-4381-52bc-97dfcdec8777,FAZENDEIRO,0.21,0.85,0.27,0,0.56,125042.08
42873148-cea3-8951-82e4-7d479bf9f67a,CACADOR,0.76,0.86,0.94,37,0.77,247519.29
23c8503f-b009-c444-1e23-782abbdd9899,CACADOR,0.68,0.60,0.55,10,0.35,188674.33
f82f0259-1b3b-7125-2a18-125268045b25,FAZENDEIRO,0.92,0.78,0.86,29,0.78,259156.72
b8227a63-2896-c04f-7a84-4a6e9458cc8d,CACADOR,0.49,0.57,0.45,11,0.47,152593.56
e45065e7-d57f-4fa2-fdbe-534d148d4fca,CACADOR,0.26,0.88,0.27,0,0.66,133936.36
0f0331c3-065a-1552-d811-79963aed9dc2,CACADOR,0.87,0.81,0.90,38,0.56,258114.52
50fe5540-43cc-21d4-a191-f1aa5ad8cffe,CACADOR,0.36,0.77,0.29,4,0.89,141305.84
b4257335-7228-bec2-c2fb-ec2e44dd115f,FAZENDEIRO,0.53,0.54,0.65,8,0.50,166975.69
0e92ff01-6a03-ece3-03c2-9557d68bc89c,CACADOR,0.62,0.64,0.65,18,0.45,189686.84
3dd543cc-0945-1e6b-14ba-df3bda53db8f,CACADOR,0.56,0.68,0.69,15,0.48,185970.55
87afa282-34c3-d9da-7c49-3429c8924ce5,CACADOR,0.34,0.85,0.22,3,0.76,140484.80
8c0044f0-04ac-609f-f85f-9d2ff3aa382b,CACADOR,0.49,0.63,0.66,15,0.26,169187.68
2caf07fd-b3c7-79a3-e395-fdf840e3c794,CACADOR,0.87,0.92,0.85,22,0.72,264559.39
aac997d3-cf74-3531-a51d-66451e4e1e92,CACADOR,0.57,0.50,0.46,14,0.35,158251.57
7a7ba456-3f07-61ff-fb32-2bdc34519c5b,CACADOR,0.65,0.62,0.69,14,0.26,195126.04
f8d68449-a31e-50fa-0bfe-33582cadeb2a,FAZENDEIRO,0.62,0.47,0.45,13,0.51,162644.87
0d44ee19-a383-e4c4-971a-d7b09c3fdd79,CACADOR,0.62,0.54,0.50,9,0.33,172511.64
8d5a1876-7567-e9e7-973e-53e06747c63e,CACADOR,0.18,0.85,0.21,7,0.84,115783.80
4c12a164-3320-33e4-2f6d-86a174ca8850,CACADOR,0.30,0.80,0.15,0,0.62,126104.95
f9b21c21-8552-fb38-6288-12a182ebe565,CACADOR,0.92,0.80,0.89,27,0.61,262610.07
e5400a88-0e4b-2e41-da1a-9f903e82855b,CACADOR,0.51,0.67,0.57,10,0.54,170290.02
759366ee-c507-90de-126b-0a3cac5a5d69,CACADOR,0.77,0.91,0.77,27,0.87,243225.37
a5d4ffa0-4505-279d-8c3d-cc600ea58321,CACADOR,0.16,0.84,0.18,5,0.66,111017.12
5dcf8a14-fe07-6841-1c44-07ca09dec26c,CACADOR,0.51,0.61,0.55,19,0.36,164424.29
2bcd7cb7-79b0-0ba5-f8de-4472c88b4248,CACADOR,0.33,0.83,0.13,5,0.81,131685.36
3f7f77e0-7ede-e5b7-4867-939b9511e12a,CACADOR,0.52,0.55,0.68,11,0.31,169289.46
354086bd-91c7-5e2e-0daa-c1d2af605c4a,CACADOR,0.56,0.55,0.61,11,0.44,170468.26
de5e0ea3-812d-a32f-a294-9f679207c74b,FAZENDEIRO,0.66,0.67,0.69,10,0.31,200697.57
833461a3-86fb-e1e0-89bd-a0a47e0f88b8,CACADOR,0.53,0.61,0.50,20,0.48,163987.16
436e123b-afb8-db49-1e10-483cb9511f1c,CACADOR,0.93,0.78,0.87,34,0.89,260722.50
107ab9ad-ec6c-9482-b275-052d32203511,CACADOR,0.49,0.66,0.66,20,0.39,172966.24
c080a14e-b497-65a8-e628-a52da10d25c9,CACADOR,0.59,0.64,0.66,14,0.45,185610.89
ecde63e0-540b-b6d0-0383-1e60bbbb0151,CACADOR,0.89,0.92,0.92,23,0.72,271282.09
a208ec3b-c50b-6d7e-4440-a9295a3d6ea4,CACADOR,0.61,0.46,0.48,8,0.40,162039.34
53b08cfc-50cb-b8f0-9b7c-073339b63837,CACADOR,0.53,0.62,0.51,16,0.27,166533.61
8d8270e3-09f3-8775-db2d-3146854d5d95,CACADOR,0.47,0.57,0.48,19,0.51,150000.09
dbbc2386-927e-7b2b-29e6-0a4dd3112d5a,CACADOR,0.78,0.91,0.80,25,0.56,247467.41
57605f94-7202-3df7-11ad-73801ebed752,CACADOR,0.60,0.60,0.62,18,0.27,180681.33
0b15fcfe-94b2-a053-a0d1-85ecdaf833b4,FAZENDEIRO,0.77,0.76,0.85,30,0.73,234417.03
14a3db60-a381-70d6-a96f-1ac00ba9398c,CACADOR,0.56,0.64,0.46,14,0.29,169703.83
8def5c78-b2b7-1a66-d3c6-4588765ed80d,CACADOR,0.65,0.46,0.59,10,0.45,174554.24
234c3625-5043-787b-f415-29dcc0096e78,CACADOR,0.85,0.87,0.78,39,0.69,252493.17
affb8e75-3d8a-ff59-6b81-6c0123234b18,CACADOR,0.47,0.60,0.70,15,0.39,167246.99
f2868196-ce58-fafa-3e22-f6b66e8a89d1,FAZENDEIRO,0.37,0.83,0.22,1,0.86,142581.35
01ef7eb4-ab17-c50e-be93-9e6c6228c183,CACADOR,0.16,0.78,0.16,7,0.70,103946.03
9d38f583-b913-a774-5908-417df887651d,CACADOR,0.52,0.49,0.64,9,0.44,160714.45
c7a8b314-e5e7-61bc-ea01-f1dbc03bb48f,CACADOR,0.52,0.56,0.60,17,0.27,164562.55
e45e67ce-016f-2ec8-4476-c61fe3c31df1,CACADOR,0.19,0.75,0.11,4,0.41,101922.04
65ee58f4-b3fb-ab3b-3b14-a3f7a88c5f07,CACADOR,0.45,0.56,0.64,13,0.54,156013.15
feec006e-c059-618c-3772-2d28c8f459b5,FAZENDEIRO,0.57,0.47,0.68,8,0.45,167716.01
fb3c04df-d586-dfe3-7b53-155fb46f7528,CACADOR,0.65,0.49,0.68,16,0.27,182903.25
84c61a9d-23d4-8bb8-adff-c9fa957e5690,FAZENDEIRO,0.83,0.90,0.87,36,0.68,258303.77
79d99caa-1df9-24f6-93a3-3c98a2e9f354,CACADOR,0.81,0.92,0.75,26,0.59,250044.22
70fc9be7-8b56-c773-3e18-52131766948f,CACADOR,0.62,0.45,0.51,15,0.35,164080.50
8d3dc356-6e42-b2d2-8156-b9248e991ee8,CACADOR,0.31,0.82,0.30,4,0.86,137448.76
0c59c03f-fcdb-9a91-5938-e86709ef0fb9,CACADOR,0.61,0.61,0.66,20,0.54,185821.28
51307d10-110c-d28a-2ae8-ed353c787aaf,CACADOR,0.50,0.52,0.63,14,0.49,160019.66
be84cc1a-ee41-9a41-9325-33d41302fe07,FAZENDEIRO,0.77,0.85,0.94,33,0.77,249211.60
f445633d-637f-eb53-9465-e7c4e8fb80ee,CACADOR,0.25,0.82,0.15,1,0.62,121501.93
ae7eaa6b-a9cf-656d-d0d8-ec2de95a17d2,CACADOR,0.49,0.55,0.56,12,0.34,156904.55
0a024096-3e6a-5d05-16b1-adf78896ea07,FAZENDEIRO,0.57,0.65,0.54,16,0.26,176209.50
bd0536e6-e0e0-90ee-b553-8fb04240d248,FAZENDEIRO,0.79,0.79,0.81,36,0.71,238211.76
11a34b57-aa92-fa34-fcf8-68b427967add,CACADOR,0.64,0.67,0.61,18,0.30,193429.88
0a8e1def-1011-768a-7dcc-43172bc2466e,FAZENDEIRO,0.16,0.72,0.20,3,0.55,101904.31
1ab558e9-cc00-bc4e-1a87-dea143bec917,CACADOR,0.49,0.46,0.60,19,0.52,150595.69
69e075cd-3b14-5676-9121-1e13240b4b2e,CACADOR,0.40,0.77,0.25,3,0.80,144046.74
32b20c8f-e270-a301-5b55-1787f0f018a7,FAZENDEIRO,0.79,0.79,0.86,33,0.72,241460.84
ab973e44-4ab9-3025-7813-fb9277c34eca,CACADOR,0.25,0.88,0.11,3,0.76,123383.52
70558672-c737-f7f2-30f8-52ab73b1e3eb,CACADOR,0.93,0.79,0.79,24,0.85,258757.15
acbeb9da-5f0e-1fc5-20d7-a1e7dcf71059,CACADOR,0.59,0.69,0.56,9,0.29,183694.60
fac402d0-205b-0681-b4b9-3d5169ec34ad,FAZENDEIRO,0.16,0.88,0.29,2,0.61,120584.46
e1b9b87d-f799-2974-26ef-c3082bddb0d4,CACADOR,0.84,0.79,0.84,36,0.56,246954.27
d0736dad-be6e-331f-aaa1-f3c1b1bd8ca1,CACADOR,0.66,0.56,0.67,8,0.33,190741.70
dbf51bec-f107-aefb-3c83-67edc0de2ce5,CACADOR,0.59,0.53,0.45,12,0.48,163664.44
609d73a2-b46a-1972-1e57-947013ad4c4c,FAZENDEIRO,0.78,0.76,0.76,38,0.58,231570.60
16bc8fc4-d760-9fe9-dd66-c4b8174ffd9d,CACADOR,0.68,0.66,0.55,8,0.36,195012.45
1180bf66-f0db-2ead-9f52-4f9a251589f1,CACADOR,0.46,0.68,0.61,11,0.45,166659.91
b076fb48-6cd2-c89c-611c-dc50e5932008,CACADOR,0.53,0.52,0.50,14,0.27,155941.05
5a43bec3-cbf1-ab3f-f56b-b8caca5df1f2,CACADOR,0.50,0.56,0.52,13,0.48,156513.69
246ab78b-9bc7-5774-7153-062da7f202a3,CACADOR,0.84,0.82,0.78,39,0.66,246433.29
09f69dad-61e4-51b6-8ecf-bbeb9ce54464,FAZENDEIRO,0.79,0.94,0.77,26,0.90,249577.03
7e541dcc-a239-e709-ca9a-428afb482b7b,CACADOR,0.69,0.66,0.47,11,0.32,191145.92
68fc52ac-2ff6-bf02-b0ef-6677da02fb07,CACADOR,0.59,0.65,0.55,13,0.55,180607.17
73fcf37c-5130-d1a9-b7fe-0f55b461700b,CACADOR,0.69,0.65,0.61,13,0.53,197845.94
7b3761d4-6a99-9b51-c1fa-9c70e06979df,CACADOR,0.81,0.78,0.85,25,0.75,242439.32
0cac8591-df82-bf0a-d94a-016a199145dd,CACADOR,0.63,0.65,0.61,9,0.44,188674.87
ae9f2122-cf32-8225-e77d-4ef83201543b,CACADOR,0.87,0.89,0.84,35,0.61,261384.81
0b73913d-7dc6-6fd9-7ea8-14628f354f29,CACADOR,0.77,0.91,0.81,25,0.79,245971.47
fdef37b5-72a6-a3a9-b4f2-03b62558d4e2,FAZENDEIRO,0.85,0.79,0.94,25,0.72,254736.26
e562c6f8-309c-e2f7-2eea-67e22bf7f4b3,CACADOR,0.55,0.46,0.67,13,0.49,164121.82
9fb72470-82a3-a0d3-e9bf-bdff3707e440,CACADOR,0.62,0.62,0.64,8,0.25,186806.48
6ca1e83d-87e4-4dc7-aa46-4fce5ed2ce9d,FAZENDEIRO,0.47,0.56,0.65,18,0.34,159642.85
c4559bc0-5280-6641-6abd-1efbef608445,CACADOR,0.19,0.74,0.29,5,0.44,112902.86
07246165-af31-8f2b-4cef-e4140248fbb2,CACADOR,0.67,0.53,0.61,11,0.53,184489.23
9562ac88-b461-c957-c674-00aa87cf37d3,CACADOR,0.48,0.57,0.54,17,0.38,155937.79
5b92209b-f498-7ed0-2b45-aebc70cdeb5b,CACADOR,0.47,0.50,0.52,18,0.30,146541.18
9f9e0cc8-84d1-2cec-f937-3c8134013b36,CACADOR,0.61,0.68,0.50,12,0.54,183100.38
ac7e73d2-dff2-2957-38c5-941b469957be,CACADOR,0.93,0.94,0.84,35,0.58,275069.72
c27be983-01bb-7aa8-a84a-d620ed1023ce,CACADOR,0.31,0.90,0.21,7,0.73,140201.83
99f69a0f-5b7f-052b-2560-1884a5db2a1b,FAZENDEIRO,0.81,0.80,0.81,33,0.77,242476.01
5dff22ee-5543-82c7-d72a-0a2409941388,CACADOR,0.47,0.55,0.61,14,0.45,156295.61
5596640a-ff9e-c024-7c0a-6410f53b7526,CACADOR,0.50,0.53,0.46,15,0.53,150242.26
2e35c5fa-df62-e60c-0bd1-577f02e9d0b2,CACADOR,0.67,0.49,0.46,15,0.44,171988.00
08dee370-fe55-85e0-55dc-888d5606eeda,CACADOR,0.21,0.90,0.22,5,0.81,126167.64
aa9395da-95f3-bab8-463f-90dc1eb0fb87,CACADOR,0.37,0.87,0.28,1,0.65,151482.37
2ea588c0-03fc-1028-f1aa-8f0716bd2b1b,CACADOR,0.48,0.68,0.55,10,0.29,166533.50
21318740-4904-c71e-3958-03387f0d316f,FAZENDEIRO,0.65,0.67,0.61,10,0.28,195097.35
519f759e-f811-b6cc-74dc-3dd6f7660888,FAZENDEIRO,0.80,0.81,0.89,33,0.81,245841.91
79773ca2-0833-76a0-e365-1a3da2bdaddf,FAZENDEIRO,0.87,0.93,0.93,37,0.63,269911.09
75e493e8-16d5-8aa3-4be0-463d54f5442c,CACADOR,0.27,0.89,0.29,2,0.64,137969.34
22714d47-ffe6-4061-dac9-d321cbbdb0d2,FAZENDEIRO,0.53,0.62,0.61,19,0.46,170713.44
fc18a018-b33d-07f2-8ee3-912269dd8b88,CACADOR,0.50,0.58,0.57,10,0.42,161583.67
1f19d687-1ef1-d5c8-a172-245bc8c5e639,CACADOR,0.52,0.68,0.66,13,0.28,178831.33
2b441c25-b147-6f53-8725-ca46963f22be,FAZENDEIRO,0.95,0.86,0.92,30,0.69,274229.28
632f0535-c7aa-b7ab-7bb0-b44581097ec2,CACADOR,0.94,0.81,0.94,39,0.61,270621.16
d2ffeab8-0a92-3e76-1c9a-f60beb389fc0,CACADOR,0.69,0.69,0.47,20,0.49,194265.86
9b1121fd-d03d-3ba3-1a46-f214a37f37b4,CACADOR,0.78,0.94,0.77,39,0.85,248158.40
e9e16290-5a07-7c42-c8c5-5454f48f6c06,CACADOR,0.49,0.52,0.64,14,0.51,157828.28
5e6e53bd-7871-b45e-607a-a2e050398adb,CACADOR,0.63,0.65,0.57,9,0.39,188136.23
355294d2-4465-d715-ebac-41b6535f3d30,CACADOR,0.62,0.47,0.57,17,0.32,168991.55
19067336-0b43-bb23-04d1-308792508d2b,CACADOR,0.94,0.78,0.84,39,0.65,260659.69
dacb1400-1b0e-4090-8685-b0de805dbb29,CACADOR,0.15,0.84,0.24,5,0.81,112711.71
012a34b2-c8f7-9bcf-b294-64011a8bce3e,CACADOR,0.52,0.55,0.59,13,0.37,162520.09
9c3c76fe-9278-711a-2b0e-c4ad7af9739a,FAZENDEIRO,0.23,0.86,0.29,4,0.89,128954.56
2e8b6bbc-d3bc-cbc7-c876-709037534551,FAZENDEIRO,0.63,0.64,0.55,16,0.45,185013.10
c9f41ed2-bc86-33e5-b190-807a05b81f78,CACADOR,0.18,0.87,0.27,3,0.72,122079.44
d66a1e3b-163e-4b8f-8d68-92c4417e66d4,CACADOR,0.68,0.56,0.55,17,0.51,185079.44
ac178d7b-b36c-f22c-11ed-14c714798294,CACADOR,0.46,0.58,0.50,16,0.50,150805.64
49367b38-9d0b-776c-a9ac-d03ca6eade4b,CACADOR,0.56,0.59,0.46,17,0.43,164810.51
79635307-a9fb-e828-8805-0b3284724fba,CACADOR,0.23,0.75,0.11,5,0.61,109582.65
667ed483-1d0a-042c-8602-81c78cc1fcce,CACADOR,0.66,0.49,0.68,17,0.40,183947.61
9510ad71-0f9e-67b3-5dba-afe909b1ed7a,CACADOR,0.49,0.64,0.65,11,0.30,170020.35
55e96dc6-5af8-caff-34a9-20cb728b5692,FAZENDEIRO,0.78,0.92,0.80,24,0.84,248143.71
6006bfdd-70cc-a2fc-bd05-9f16864c5a66,CACADOR,0.92,0.75,0.92,31,0.68,260023.49
9bad6f94-421d-062e-b0ca-cf320e475035,CACADOR,0.90,0.88,0.81,35,0.74,263119.77
2f696274-1250-11d7-8c75-bcfa71401941,CACADOR,0.49,0.63,0.62,8,0.35,166844.36
595c0616-ee94-6d5d-aec9-f6bdfd38782d,CACADOR,0.67,0.65,0.49,11,0.44,187656.46
fa685793-3353-4849-08c0-289be238f6a8,CACADOR,0.34,0.80,0.23,1,0.80,137568.65
1248edea-d9e7-1445-c1ee-009cd49eed86,CACADOR,0.22,0.85,0.29,3,0.78,126803.94
fabd7459-44ff-806e-fe0a-7bbc6664d3d6,CACADOR,0.60,0.53,0.65,19,0.48,176803.05
46a735f5-0499-68f4-1aa8-9b58abce1c4e,CACADOR,0.53,0.56,0.58,12,0.37,164531.34
61583dd2-1894-a285-0e07-5e202249fd65,CACADOR,0.50,0.66,0.50,10,0.36,165204.07
325dc5ce-e36c-5604-5d87-a01681826302,CACADOR,0.26,0.72,0.25,7,0.34,118445.99
f0205837-4567-8caf-a157-a36820e1f634,CACADOR,0.55,0.62,0.69,15,0.27,178764.97
f725d74c-d0c9-e8e6-31e6-d08bc59fee7a,CACADOR,0.53,0.53,0.62,18,0.28,163962.95
e032eb46-8e59-9942-6e76-0027baad700b,CACADOR,0.76,0.89,0.92,21,0.88,248135.84
1575ad31-21e3-a8b3-814a-2834de02b67e,CACADOR,0.65,0.68,0.64,11,0.25,197828.29
bb4ab120-0d57-8f19-3bee-576cae6d6539,FAZENDEIRO,0.26,0.76,0.27,7,0.70,123236.81
49d7b850-95b3-83c0-a606-9b50cf602397,CACADOR,0.68,0.53,0.57,18,0.33,183703.94
aeb7a052-c029-9926-f0fd-1b2eccc6e6e7,CACADOR,0.20,0.90,0.11,1,0.65,117314.13
c9769bd9-e8fb-0b60-ea4a-35ae49e50e0c,FAZENDEIRO,0.93,0.83,0.79,37,0.71,262039.51
d69e9ca8-3682-5245-5aab-860e96657fed,CACADOR,0.70,0.64,0.61,10,0.36,199440.85
8d190c26-d78e-0e1e-63da-7e9e534ecae5,CACADOR,0.58,0.46,0.49,11,0.42,157716.32
b796e5a3-ba8e-cb25-e0fb-950da1283347,CACADOR,0.58,0.53,0.57,19,0.51,168347.77
cab91e92-1c04-0e78-7523-4e0a9a9bfe3a,CACADOR,0.17,0.86,0.11,1,0.60,110629.70
fbfb73b7-3a7b-25ac-8e2c-5507c25faffa,FAZENDEIRO,0.40,0.87,0.27,4,0.86,154216.48
45fbe367-496e-b342-c641-b057c6d2be00,FAZENDEIRO,0.76,0.88,0.88,36,0.56,245656.74
c9735e98-e57a-dcd8-f9b1-e790bfd2ad46,CACADOR,0.83,0.89,0.94,36,0.55,261974.77
5355d998-9c4a-78f9-75ba-9e2338b3cb43,FAZENDEIRO,0.62,0.61,0.61,14,0.52,183856.86
e136073d-b7e1-1865-0c4a-8be207aba3a4,CACADOR,0.93,0.78,0.80,25,0.82,257702.60
0bbf24db-bf5d-b855-692f-864a7a5c6545,CACADOR,0.93,0.85,0.78,26,0.62,262442.73
b3ed1764-8978-41f2-69c3-ed563960898f,FAZENDEIRO,0.47,0.53,0.46,16,0.39,146721.82
43bdc1c9-5048-78c3-c7bd-6a444112695f,FAZENDEIRO,0.49,0.68,0.47,12,0.34,162039.88
6cd08a2e-3c58-68a2-9ec7-0149555155ba,CACADOR,0.38,0.77,0.18,1,0.60,136459.77
adfb439a-99a5-7e3a-323e-35242fb601ae,CACADOR,0.65,0.54,0.63,19,0.30,182993.51
fa001157-bb15-7784-a29a-6c654e562df9,FAZENDEIRO,0.84,0.79,0.85,25,0.64,248963.51
4a15e1b0-bc27-bf0a-9ee2-51f4c2b50fb5,CACADOR,0.65,0.61,0.60,18,0.55,188830.23
6c38926a-80a8-4625-6637-740d246c257a,FAZENDEIRO,0.86,0.85,0.82,32,0.88,254503.20
cbf5b052-1816-f131-3a74-f2897879fd5c,CACADOR,0.17,0.83,0.16,2,0.85,110180.32
3e8a380b-333e-172c-37b9-e784c98f1970,CACADOR,0.34,0.81,0.16,1,0.90,133865.53
808859eb-7ba5-eea0-96af-f9c3c6732fef,CACADOR,0.58,0.65,0.45,9,0.54,172792.05
89bf4cb7-a97c-eac7-d388-da9ee9d59751,CACADOR,0.59,0.65,0.51,9,0.47,177019.44
936338ef-d357-08d6-d100-5d6b184e7734,CACADOR,0.93,0.91,0.91,28,0.78,275742.88
eab94cf8-393f-7e15-5892-76544ea05e80,CACADOR,0.58,0.52,0.52,12,0.48,165143.33
45346749-1141-2286-5e2d-bfded8492204,CACADOR,0.26,0.70,0.26,2,0.27,117297.34
09da9524-1e68-0f62-956d-0103db762718,FAZENDEIRO,0.48,0.46,0.55,8,0.37,146581.65
0796bbdb-e05b-7206-170d-53da6c28f212,CACADOR,0.38,0.88,0.16,2,0.81,146176.83
635874c4-3b5c-cbd3-e932-58b237b82cda,CACADOR,0.46,0.60,0.58,19,0.39,157413.85
ec8648c0-2b9d-2784-e8a2-c48b1ed4931b,CACADOR,0.90,0.79,0.79,38,0.57,254670.03
a1c80424-b37e-596a-a41a-8192609a99a2,CACADOR,0.80,0.93,0.93,33,0.67,259673.47
882816ba-58c7-e346-ae9b-9f1c56ba8bb1,CACADOR,0.57,0.52,0.69,14,0.42,173902.80
3a0deff6-be3b-d094-9cc7-11a76ad20e44,CACADOR,0.28,0.90,0.24,0,0.85,136990.87
6ff9f4d9-e4a6-4ce2-ca0b-cab7c86b8f3d,CACADOR,0.57,0.55,0.51,17,0.49,165623.76
2974f5be-ec82-877a-64bc-d8811821115f,CACADOR,0.95,0.85,0.85,34,0.77,269657.23
93a0e54e-f2d2-f387-d811-e5f704d9a789,CACADOR,0.68,0.64,0.55,19,0.55,192729.13
0c4759e2-a167-eba2-fca2-1f26281cd4c9,FAZENDEIRO,0.50,0.65,0.69,11,0.49,174737.72
aa22c407-d45d-9166-c444-129d4ef5ccc7,FAZENDEIRO,0.51,0.49,0.63,17,0.53,158343.42
34c01799-ab6f-94ca-c82a-f60121c2c1fa,CACADOR,0.61,0.69,0.66,17,0.32,193063.52
8a834437-1774-ab59-73d3-55b63dcc86cf,CACADOR,0.46,0.68,0.57,8,0.54,163456.96
5a11352f-ffab-0f3b-8e8b-34d3430e5d52,CACADOR,0.54,0.70,0.57,8,0.27,178785.14
37def5f0-2980-ba92-79a2-21ddc73c61ee,CACADOR,0.64,0.55,0.50,8,0.38,175031.71
76ce4105-4947-60b6-678b-ae6deb6b177d,CACADOR,0.89,0.92,0.77,30,0.68,262821.70
b6ab6109-39e9-460b-6565-e1b3f0ea2f28,CACADOR,0.63,0.46,0.57,11,0.44,169464.97
169511e3-438c-bbea-d5b3-6217ece4530e,CACADOR,0.53,0.62,0.58,18,0.30,169611.47
d5a1ed7c-04c5-6e30-f562-acce3d17e21d,FAZENDEIRO,0.75,0.89,0.91,29,0.76,247434.14
c818a103-cc35-22c6-b3ec-2cac7c6265fb,FAZENDEIRO,0.45,0.53,0.55,19,0.44,148216.35
1fe79c87-6777-56d4-1e8a-b30eba153777,CACADOR,0.20,0.76,0.28,1,0.57,115157.98
ad164fa0-8833-7134-af55-f32a3b3f598e,FAZENDEIRO,0.91,0.94,0.90,25,0.63,275751.79
09ec042b-614c-e2e1-b048-a80aaeb6f55e,FAZENDEIRO,0.34,0.88,0.17,2,0.73,140411.43
04b0862f-9445-9dd2-2b32-0db0f2505f14,CACADOR,0.69,0.56,0.51,12,0.44,184844.56
82171036-d36b-253d-3e17-967a165e30d0,FAZENDEIRO,0.63,0.57,0.62,19,0.26,182825.32
505b7599-8ff4-e4fe-1c10-9f2afacf431c,FAZENDEIRO,0.46,0.61,0.64,13,0.38,162341.18
47e96817-7203-2579-d6fd-b9bbe9e1d2c5,CACADOR,0.55,0.57,0.49,19,0.30,162957.44
2f7902c7-4ca9-3d54-a504-c3474a26c854,FAZENDEIRO,0.83,0.78,0.81,23,0.83,243204.68
f0e6f7bc-869e-e1f2-6fd9-de74e530e78c,CACADOR,0.54,0.68,0.51,15,0.37,173097.38
93a16d3d-622e-9280-7bf4-ee26cfc450bb,CACADOR,0.19,0.77,0.19,7,0.77,108149.05
b410ff26-d104-2448-98bf-98c6b15fa33a,CACADOR,0.29,0.71,0.11,2,0.52,114618.53
